{
    "name": "root",
    "gauges": {
        "AI_Left_Player.Policy.Entropy.mean": {
            "value": 1.3995270729064941,
            "min": 1.3995270729064941,
            "max": 1.4184077978134155,
            "count": 10
        },
        "AI_Left_Player.Policy.Entropy.sum": {
            "value": 70222.671875,
            "min": 68884.828125,
            "max": 71170.03125,
            "count": 10
        },
        "AI_Left_Player.Step.mean": {
            "value": 499968.0,
            "min": 49984.0,
            "max": 499968.0,
            "count": 10
        },
        "AI_Left_Player.Step.sum": {
            "value": 499968.0,
            "min": 49984.0,
            "max": 499968.0,
            "count": 10
        },
        "AI_Left_Player.Policy.ExtrinsicValueEstimate.mean": {
            "value": 0.04238200932741165,
            "min": 0.04238200932741165,
            "max": 4.762294292449951,
            "count": 10
        },
        "AI_Left_Player.Policy.ExtrinsicValueEstimate.sum": {
            "value": 33.10034942626953,
            "min": 33.10034942626953,
            "max": 3719.351806640625,
            "count": 10
        },
        "AI_Left_Player.Losses.PolicyLoss.mean": {
            "value": 0.02283380526033315,
            "min": 0.02242145534520122,
            "max": 0.02733494957598547,
            "count": 10
        },
        "AI_Left_Player.Losses.PolicyLoss.sum": {
            "value": 0.11416902630166574,
            "min": 0.09101841467517344,
            "max": 0.13667474787992734,
            "count": 10
        },
        "AI_Left_Player.Losses.ValueLoss.mean": {
            "value": 0.0194147680829646,
            "min": 0.008037906207116037,
            "max": 0.5887165994129397,
            "count": 10
        },
        "AI_Left_Player.Losses.ValueLoss.sum": {
            "value": 0.097073840414823,
            "min": 0.03215162482846415,
            "max": 2.354866397651759,
            "count": 10
        },
        "AI_Left_Player.Policy.LearningRate.mean": {
            "value": 1.6147294617599993e-05,
            "min": 1.6147294617599993e-05,
            "max": 0.00028310400563199997,
            "count": 10
        },
        "AI_Left_Player.Policy.LearningRate.sum": {
            "value": 8.073647308799996e-05,
            "min": 8.073647308799996e-05,
            "max": 0.0011324160225279999,
            "count": 10
        },
        "AI_Left_Player.Policy.Epsilon.mean": {
            "value": 0.10538240000000001,
            "min": 0.10538240000000001,
            "max": 0.19436799999999999,
            "count": 10
        },
        "AI_Left_Player.Policy.Epsilon.sum": {
            "value": 0.526912,
            "min": 0.46208,
            "max": 0.876096,
            "count": 10
        },
        "AI_Left_Player.Policy.Beta.mean": {
            "value": 0.0002785817599999999,
            "min": 0.0002785817599999999,
            "max": 0.0047189632,
            "count": 10
        },
        "AI_Left_Player.Policy.Beta.sum": {
            "value": 0.0013929087999999996,
            "min": 0.0013929087999999996,
            "max": 0.0188758528,
            "count": 10
        },
        "AI_Left_Player.IsTraining.mean": {
            "value": 1.0,
            "min": 1.0,
            "max": 1.0,
            "count": 10
        },
        "AI_Left_Player.IsTraining.sum": {
            "value": 1.0,
            "min": 1.0,
            "max": 1.0,
            "count": 10
        },
        "AI_Right_Player.Policy.Entropy.mean": {
            "value": 1.4108173847198486,
            "min": 1.4095345735549927,
            "max": 1.4151287078857422,
            "count": 10
        },
        "AI_Right_Player.Policy.Entropy.sum": {
            "value": 70789.171875,
            "min": 69380.8984375,
            "max": 71005.5,
            "count": 10
        },
        "AI_Right_Player.Step.mean": {
            "value": 499968.0,
            "min": 49984.0,
            "max": 499968.0,
            "count": 10
        },
        "AI_Right_Player.Step.sum": {
            "value": 499968.0,
            "min": 49984.0,
            "max": 499968.0,
            "count": 10
        },
        "AI_Right_Player.Policy.ExtrinsicValueEstimate.mean": {
            "value": 0.05216880515217781,
            "min": 0.05216880515217781,
            "max": 0.6214974522590637,
            "count": 10
        },
        "AI_Right_Player.Policy.ExtrinsicValueEstimate.sum": {
            "value": 40.74383544921875,
            "min": 40.74383544921875,
            "max": 485.3895263671875,
            "count": 10
        },
        "AI_Right_Player.Losses.PolicyLoss.mean": {
            "value": 0.02630247085242335,
            "min": 0.020852237830474747,
            "max": 0.028199762464359856,
            "count": 10
        },
        "AI_Right_Player.Losses.PolicyLoss.sum": {
            "value": 0.13151235426211674,
            "min": 0.08340895132189899,
            "max": 0.14099881232179928,
            "count": 10
        },
        "AI_Right_Player.Losses.ValueLoss.mean": {
            "value": 0.022971033084093394,
            "min": 0.006364449093146532,
            "max": 0.2670528640914144,
            "count": 10
        },
        "AI_Right_Player.Losses.ValueLoss.sum": {
            "value": 0.11485516542046698,
            "min": 0.025457796372586126,
            "max": 1.0682114563656575,
            "count": 10
        },
        "AI_Right_Player.Policy.LearningRate.mean": {
            "value": 1.6147294617599993e-05,
            "min": 1.6147294617599993e-05,
            "max": 0.00028310400563199997,
            "count": 10
        },
        "AI_Right_Player.Policy.LearningRate.sum": {
            "value": 8.073647308799996e-05,
            "min": 8.073647308799996e-05,
            "max": 0.0011324160225279999,
            "count": 10
        },
        "AI_Right_Player.Policy.Epsilon.mean": {
            "value": 0.10538240000000001,
            "min": 0.10538240000000001,
            "max": 0.19436799999999999,
            "count": 10
        },
        "AI_Right_Player.Policy.Epsilon.sum": {
            "value": 0.526912,
            "min": 0.46208,
            "max": 0.876096,
            "count": 10
        },
        "AI_Right_Player.Policy.Beta.mean": {
            "value": 0.0002785817599999999,
            "min": 0.0002785817599999999,
            "max": 0.0047189632,
            "count": 10
        },
        "AI_Right_Player.Policy.Beta.sum": {
            "value": 0.0013929087999999996,
            "min": 0.0013929087999999996,
            "max": 0.0188758528,
            "count": 10
        },
        "AI_Right_Player.IsTraining.mean": {
            "value": 1.0,
            "min": 1.0,
            "max": 1.0,
            "count": 10
        },
        "AI_Right_Player.IsTraining.sum": {
            "value": 1.0,
            "min": 1.0,
            "max": 1.0,
            "count": 10
        }
    },
    "metadata": {
        "timer_format_version": "0.1.0",
        "start_time_seconds": "1668173111",
        "python_version": "3.7.9 (tags/v3.7.9:13c94747c7, Aug 17 2020, 18:58:18) [MSC v.1900 64 bit (AMD64)]",
        "command_line_arguments": "C:\\Users\\artem\\AppData\\Local\\Programs\\Python\\Python37\\Scripts\\mlagents-learn --run-id=Test2",
        "mlagents_version": "0.28.0",
        "mlagents_envs_version": "0.28.0",
        "communication_protocol_version": "1.5.0",
        "pytorch_version": "1.7.1+cu110",
        "numpy_version": "1.21.6",
        "end_time_seconds": "1668173918"
    },
    "total": 806.8460673,
    "count": 1,
    "self": 0.01396999999997206,
    "children": {
        "run_training.setup": {
            "total": 0.08100899999999989,
            "count": 1,
            "self": 0.08100899999999989
        },
        "TrainerController.start_learning": {
            "total": 806.7510883,
            "count": 1,