{
    "name": "root",
    "gauges": {
        "AI_Right_Player.Policy.Entropy.mean": {
            "value": 1.3453474044799805,
            "min": 1.3452686071395874,
            "max": 1.4153558015823364,
            "count": 10
        },
        "AI_Right_Player.Policy.Entropy.sum": {
            "value": 67504.1484375,
            "min": 66476.1953125,
            "max": 71016.890625,
            "count": 10
        },
        "AI_Right_Player.Step.mean": {
            "value": 499968.0,
            "min": 49984.0,
            "max": 499968.0,
            "count": 10
        },
        "AI_Right_Player.Step.sum": {
            "value": 499968.0,
            "min": 49984.0,
            "max": 499968.0,
            "count": 10
        },
        "AI_Right_Player.Policy.ExtrinsicValueEstimate.mean": {
            "value": -0.04050229862332344,
            "min": -17.261093139648438,
            "max": -0.04050229862332344,
            "count": 10
        },
        "AI_Right_Player.Policy.ExtrinsicValueEstimate.sum": {
            "value": -31.632295608520508,
            "min": -13480.9140625,
            "max": -31.632295608520508,
            "count": 10
        },
        "AI_Right_Player.Losses.PolicyLoss.mean": {
            "value": 0.024478879798147262,
            "min": 0.022361513551776156,
            "max": 0.02584800731997485,
            "count": 10
        },
        "AI_Right_Player.Losses.PolicyLoss.sum": {
            "value": 0.12239439899073631,
            "min": 0.08944605420710462,
            "max": 0.12430436679190306,
            "count": 10
        },
        "AI_Right_Player.Losses.ValueLoss.mean": {
            "value": 0.06214326909094146,
            "min": 0.04445085529181542,
            "max": 1.9789626243891139,
            "count": 10
        },
        "AI_Right_Player.Losses.ValueLoss.sum": {
            "value": 0.3107163454547073,
            "min": 0.1778034211672617,
            "max": 7.915850497556455,
            "count": 10
        },
        "AI_Right_Player.Policy.LearningRate.mean": {
            "value": 1.6147294617599993e-05,
            "min": 1.6147294617599993e-05,
            "max": 0.00028310400563199997,
            "count": 10
        },
        "AI_Right_Player.Policy.LearningRate.sum": {
            "value": 8.073647308799996e-05,
            "min": 8.073647308799996e-05,
            "max": 0.0011324160225279999,
            "count": 10
        },
        "AI_Right_Player.Policy.Epsilon.mean": {
            "value": 0.10538240000000001,
            "min": 0.10538240000000001,
            "max": 0.19436799999999999,
            "count": 10
        },
        "AI_Right_Player.Policy.Epsilon.sum": {
            "value": 0.526912,
            "min": 0.46208,
            "max": 0.876096,
            "count": 10
        },
        "AI_Right_Player.Policy.Beta.mean": {
            "value": 0.0002785817599999999,
            "min": 0.0002785817599999999,
            "max": 0.0047189632,
            "count": 10
        },
        "AI_Right_Player.Policy.Beta.sum": {
            "value": 0.0013929087999999996,
            "min": 0.0013929087999999996,
            "max": 0.0188758528,
            "count": 10
        },
        "AI_Right_Player.IsTraining.mean": {
            "value": 1.0,
            "min": 1.0,
            "max": 1.0,
            "count": 10
        },
        "AI_Right_Player.IsTraining.sum": {
            "value": 1.0,
            "min": 1.0,
            "max": 1.0,
            "count": 10
        },
        "AI_Left_Player.Policy.Entropy.mean": {
            "value": 1.3794337511062622,
            "min": 1.3794337511062622,
            "max": 1.4149545431137085,
            "count": 10
        },
        "AI_Left_Player.Policy.Entropy.sum": {
            "value": 69214.46875,
            "min": 67971.234375,
            "max": 70996.7578125,
            "count": 10
        },
        "AI_Left_Player.Step.mean": {
            "value": 499968.0,
            "min": 49984.0,
            "max": 499968.0,
            "count": 10
        },
        "AI_Left_Player.Step.sum": {
            "value": 499968.0,
            "min": 49984.0,
            "max": 499968.0,
            "count": 10
        },
        "AI_Left_Player.Policy.ExtrinsicValueEstimate.mean": {
            "value": 0.0823463499546051,
            "min": -12.49843692779541,
            "max": 0.0823463499546051,
            "count": 10
        },
        "AI_Left_Player.Policy.ExtrinsicValueEstimate.sum": {
            "value": 64.3125,
            "min": -9761.279296875,
            "max": 64.3125,
            "count": 10
        },
        "AI_Left_Player.Losses.PolicyLoss.mean": {
            "value": 0.0238837880195316,
            "min": 0.020238495897501707,
            "max": 0.026506846647173395,
            "count": 10
        },
        "AI_Left_Player.Losses.PolicyLoss.sum": {
            "value": 0.11941894009765801,
            "min": 0.08095398359000683,
            "max": 0.12523057688535613,
            "count": 10
        },
        "AI_Left_Player.Losses.ValueLoss.mean": {
            "value": 0.04788843199723598,
            "min": 0.04788843199723598,
            "max": 1.6123336731935995,
            "count": 10
        },
        "AI_Left_Player.Losses.ValueLoss.sum": {
            "value": 0.2394421599861799,
            "min": 0.19228166132939584,
            "max": 6.449334692774398,
            "count": 10
        },
        "AI_Left_Player.Policy.LearningRate.mean": {
            "value": 1.6147294617599993e-05,
            "min": 1.6147294617599993e-05,
            "max": 0.00028310400563199997,
            "count": 10
        },
        "AI_Left_Player.Policy.LearningRate.sum": {
            "value": 8.073647308799996e-05,
            "min": 8.073647308799996e-05,
            "max": 0.0011324160225279999,
            "count": 10
        },
        "AI_Left_Player.Policy.Epsilon.mean": {
            "value": 0.10538240000000001,
            "min": 0.10538240000000001,
            "max": 0.19436799999999999,
            "count": 10
        },
        "AI_Left_Player.Policy.Epsilon.sum": {
            "value": 0.526912,
            "min": 0.46208,
            "max": 0.876096,
            "count": 10
        },
        "AI_Left_Player.Policy.Beta.mean": {
            "value": 0.0002785817599999999,
            "min": 0.0002785817599999999,
            "max": 0.0047189632,
            "count": 10
        },
        "AI_Left_Player.Policy.Beta.sum": {
            "value": 0.0013929087999999996,
            "min": 0.0013929087999999996,
            "max": 0.0188758528,
            "count": 10
        },
        "AI_Left_Player.IsTraining.mean": {
            "value": 1.0,
            "min": 1.0,
            "max": 1.0,
            "count": 10
        },
        "AI_Left_Player.IsTraining.sum": {
            "value": 1.0,
            "min": 1.0,
            "max": 1.0,
            "count": 10
        }
    },
    "metadata": {
        "timer_format_version": "0.1.0",
        "start_time_seconds": "1668172425",
        "python_version": "3.7.9 (tags/v3.7.9:13c94747c7, Aug 17 2020, 18:58:18) [MSC v.1900 64 bit (AMD64)]",
        "command_line_arguments": "C:\\Users\\artem\\AppData\\Local\\Programs\\Python\\Python37\\Scripts\\mlagents-learn --run-id=Test1",
        "mlagents_version": "0.28.0",
        "mlagents_envs_version": "0.28.0",
        "communication_protocol_version": "1.5.0",
        "pytorch_version": "1.7.1+cu110",
        "numpy_version": "1.21.6",
        "end_time_seconds": "1668173097"
    },
    "total": 671.9175521999999,
    "count": 1,
    "self": 0.010737100000028477,
    "children": {
        "run_training.setup": {
            "total": 0.1338857,
            "count": 1,
            "self": 0.1338857
        },
        "TrainerController.start_learning": {
            "total": 671.7729294,
            "count": 1,
            "self": 0.6504912000016247,